-- clients
insert into clients (id, login, password, discount_points, telephone, reg_date) values (0934811245, 'Sabrina', '37-093-6632', 1, 8975634708, '5/4/2022');
insert into clients (id, login, password, discount_points, telephone, reg_date) values (6689856828, 'Binky', '33-853-9452', 2, 8967452345, '8/8/2022');
insert into clients (id, login, password, discount_points, telephone, reg_date) values (2117976522, 'Shell', '58-106-8877', 3, 8907548396, '6/1/2022');
insert into clients (id, login, password, discount_points, telephone, reg_date) values (3636514407, 'Brant', '67-356-3651', 4, 8907543862, '12/1/2021');
insert into clients (id, login, password, discount_points, telephone, reg_date) values (1891416898, 'Vern', '42-961-2292', 5, 8919207596, '4/8/2022');
insert into clients (id, login, password, discount_points, telephone, reg_date) values (0797038086, 'Cymbre', '24-026-3488', 6, 8904754877, '7/4/2022');
insert into clients (id, login, password, discount_points, telephone, reg_date) values (9298755783, 'Arlena', '33-337-4614', 7, 8908769332, '7/1/2022');
insert into clients (id, login, password, discount_points, telephone, reg_date) values (1938179986, 'Raychel', '43-463-1002', 8, 8977643276, '3/7/2022');
insert into clients (id, login, password, discount_points, telephone, reg_date) values (9297237339, 'Aubert', '74-536-5694', 9, 8975403622, '4/3/2022');
insert into clients (id, login, password, discount_points, telephone, reg_date) values (5088762887, 'Ondrea', '70-703-2581', 10, 8906754376, '12/7/2021');
insert into clients (id, login, password, discount_points, telephone, reg_date) values (6030486853, 'Zachariah', '50-563-1366', 11, 8907455866, '1/11/2022');
insert into clients (id, login, password, discount_points, telephone, reg_date) values (8301473738, 'Elga', '53-453-9066', 12, 8975634276, '5/9/2022');
insert into clients (id, login, password, discount_points, telephone, reg_date) values (7613240355, 'Allistir', '04-923-4628', 13, 8975539100, '3/3/2022');
insert into clients (id, login, password, discount_points, telephone, reg_date) values (4316344455, 'Ange', '47-793-1856', 14, 8903658544, '5/6/2022');
insert into clients (id, login, password, discount_points, telephone, reg_date) values (1831894440, 'Gabrielle', '75-232-5461', 15, 8976453522, '7/4/2022');
insert into clients (id, login, password, discount_points, telephone, reg_date) values (9552719135, 'Simonne', '02-970-6223', 16, 8975634425, '4/8/2022');
insert into clients (id, login, password, discount_points, telephone, reg_date) values (4056880824, 'Holly', '92-141-1692', 17, 8974536700, '9/1/2022');
insert into clients (id, login, password, discount_points, telephone, reg_date) values (2750712785, 'Roderick', '49-785-4259', 18, 8975634523, '7/1/2022');
insert into clients (id, login, password, discount_points, telephone, reg_date) values (5144374298, 'Gerrie', '10-496-5568', 19, 8976443649, '3/7/2022');
insert into clients (id, login, password, discount_points, telephone, reg_date) values (2564637493, 'Sharon', '37-565-1061', 20, 8974536354, '2/2/2022');
insert into clients (id, login, password, discount_points, telephone, reg_date) values (9982240986, 'Nisse', '20-329-0651', 21, 8977654321, '5/3/2022');
insert into clients (id, login, password, discount_points, telephone, reg_date) values (8866757187, 'Trudy', '70-677-2543', 22, 8976543214, '3/11/2022');
insert into clients (id, login, password, discount_points, telephone, reg_date) values (8872178959, 'Gerianna', '99-486-0078', 23, 8975443321, '4/1/2022');
insert into clients (id, login, password, discount_points, telephone, reg_date) values (4622116979, 'Evangelin', '25-537-2865', 24, 8978676879, '4/3/2022');
insert into clients (id, login, password, discount_points, telephone, reg_date) values (5622931606, 'Junia', '41-844-6404', 25, 8989787867, '5/1/2022');
insert into clients (id, login, password, discount_points, telephone, reg_date) values (6297136173, 'Maurine', '02-345-2972', 26, 8987978689, '9/1/2022');
insert into clients (id, login, password, discount_points, telephone, reg_date) values (7915283065, 'Baron', '38-837-1949', 27, 8900978668, '12/5/2021');
insert into clients (id, login, password, discount_points, telephone, reg_date) values (4775275488, 'Eal', '74-285-2039', 28, 8907986978, '7/9/2022');
insert into clients (id, login, password, discount_points, telephone, reg_date) values (4656929107, 'Katya', '26-156-3334', 29, 8901834858, '5/1/2022');
insert into clients (id, login, password, discount_points, telephone, reg_date) values (9735024683, 'Tiphany', '79-424-4633', 30, 8979609599, '6/4/2022');
insert into clients (id, login, password, discount_points, telephone, reg_date) values (0594080061, 'Lock', '73-279-3025', 31, 8907986977, '2/5/2022');
insert into clients (id, login, password, discount_points, telephone, reg_date) values (9151115972, 'Ernestine', '50-218-3034', 32, 8997900987, '2/8/2022');
insert into clients (id, login, password, discount_points, telephone, reg_date) values (0769800556, 'Skippy', '13-635-7395', 33, 8977689700, '12/8/2021');
insert into clients (id, login, password, discount_points, telephone, reg_date) values (4783881332, 'Catherin', '75-299-2333', 34, 8906754788, '2/6/2022');
insert into clients (id, login, password, discount_points, telephone, reg_date) values (1636560105, 'Salome', '40-446-4988', 35, 8907665488, '1/9/2022');
insert into clients (id, login, password, discount_points, telephone, reg_date) values (9074275338, 'Joela', '38-662-3205', 36, 8906754877, '4/6/2022');
insert into clients (id, login, password, discount_points, telephone, reg_date) values (3256449751, 'Jillene', '61-165-6382', 37, 8907654879, '2/7/2022');
insert into clients (id, login, password, discount_points, telephone, reg_date) values (3536031617, 'Sim', '91-499-2753', 38, 8987756453, '2/2/2022');
insert into clients (id, login, password, discount_points, telephone, reg_date) values (9102350335, 'Mahmud', '51-119-9106', 39, 8907654321, '5/1/2022');
insert into clients (id, login, password, discount_points, telephone, reg_date) values (4416467990, 'Katina', '74-421-3874', 40, 8907654327, '4/9/2022');
insert into clients (id, login, password, discount_points, telephone, reg_date) values (7662153843, 'Ellie', '91-344-0694', 41, 8907654355, '8/9/2022');
insert into clients (id, login, password, discount_points, telephone, reg_date) values (6414008273, 'Costanza', '17-485-5270', 42, 8900748599, '4/1/2022');
insert into clients (id, login, password, discount_points, telephone, reg_date) values (2661831452, 'Lance', '78-701-8807', 43, 8907452351, '12/5/2021');
insert into clients (id, login, password, discount_points, telephone, reg_date) values (4967744966, 'Tulley', '15-598-3390', 44, 8900675488, '8/7/2022');
insert into clients (id, login, password, discount_points, telephone, reg_date) values (1420166425, 'Hamid', '87-463-8068', 45, 8973542759, '2/4/2022');
insert into clients (id, login, password, discount_points, telephone, reg_date) values (5076174497, 'Lovell', '7489899605', 1, 8961539601, '6/6/2022');
insert into clients (id, login, password, discount_points, telephone, reg_date) values (2205570838, 'Jeffie', '8861035205', 2, 8963758231, '9/4/2022');
insert into clients (id, login, password, discount_points, telephone, reg_date) values (6201328513, 'Corney', '5526943313', 3, 8963429756, '12/2/2021');
insert into clients (id, login, password, discount_points, telephone, reg_date) values (5023158586, 'Pavia', '2874642657', 4, 8964729761, '9/7/2022');
insert into clients (id, login, password, discount_points, telephone, reg_date) values (6398060326, 'Jeffy', '7469435492', 5, 8975634456, '2/9/2022');
insert into clients (id, login, password, discount_points, telephone, reg_date) values (0274466945, 'Iolande', '9180101372', 6, 8976543788, '6/2/2022');
insert into clients (id, login, password, discount_points, telephone, reg_date) values (8398178361, 'Sibilla', '0504260650', 7, 8907453766, '5/7/2022');
insert into clients (id, login, password, discount_points, telephone, reg_date) values (0154048267, 'Letty', '8462051169', 8, 8976537499, '8/2/2022');
insert into clients (id, login, password, discount_points, telephone, reg_date) values (2320001271, 'Noll', '0308864042', 9, 8964787748, '6/5/2022');
insert into clients (id, login, password, discount_points, telephone, reg_date) values (7849662733, 'Aldo', '3593720248', 10, 8900753880, '12/2/2021');
insert into clients (id, login, password, discount_points, telephone, reg_date) values (0526171413, 'Tricia', '1536028576', 11, 8907685888, '1/4/2022');
insert into clients (id, login, password, discount_points, telephone, reg_date) values (2030721964, 'Ralph', '6985261264', 12, 8909654321, '1/1/2022');
insert into clients (id, login, password, discount_points, telephone, reg_date) values (2699511471, 'Ilario', '8794147205', 13, 8906754322, '4/4/2022');
insert into clients (id, login, password, discount_points, telephone, reg_date) values (5980078452, 'Hetty', '9823366861', 14, 8977667755, '1/5/2022');
insert into clients (id, login, password, discount_points, telephone, reg_date) values (4904406877, 'Reg', '1388512475', 15, 8977556644, '7/2/2022');
insert into clients (id, login, password, discount_points, telephone, reg_date) values (8957959157, 'Porter', '7599128360', 16, 8900664422, '2/8/2022');
insert into clients (id, login, password, discount_points, telephone, reg_date) values (6996582563, 'Harriette', '7042271084', 17, 8977113322, '8/7/2022');
insert into clients (id, login, password, discount_points, telephone, reg_date) values (9118785476, 'Clemens', '5700503530', 18, 8900769855, '4/12/2022');
insert into clients (id, login, password, discount_points, telephone, reg_date) values (4311595700, 'Nerty', '1233018507', 19, 8900697877, '9/3/2022');
insert into clients (id, login, password, discount_points, telephone, reg_date) values (7112671663, 'Lorettalorna', '3260236767', 20, 8900786655, '7/6/2022');
insert into clients (id, login, password, discount_points, telephone, reg_date) values (0146691008, 'Dominique', '9501167437', 21, 8900675544, '3/4/2022');
insert into clients (id, login, password, discount_points, telephone, reg_date) values (3654111661, 'Saba', '8870558452', 22, 8900786977, '1/6/2022');
insert into clients (id, login, password, discount_points, telephone, reg_date) values (9212818692, 'Noe', '9866984745', 23, 8900543276, '5/2/2022');
insert into clients (id, login, password, discount_points, telephone, reg_date) values (4828403574, 'Roddie', '1527598349', 24, 8911122344, '5/3/2022');
insert into clients (id, login, password, discount_points, telephone, reg_date) values (4683028654, 'Padget', '3826917901', 25, 8977563343, '12/2/2021');
insert into clients (id, login, password, discount_points, telephone, reg_date) values (3858690236, 'Evey', '9251447322', 26, 8977445533, '6/5/2022');
insert into clients (id, login, password, discount_points, telephone, reg_date) values (6345386170, 'Frederich', '0026354454', 27, 8977667799, '12/3/2021');
insert into clients (id, login, password, discount_points, telephone, reg_date) values (3960811756, 'Othello', '6016092320', 28, 8900976543, '9/2/2022');
insert into clients (id, login, password, discount_points, telephone, reg_date) values (3968056159, 'Brendis', '7184911792', 29, 8976543213, '6/5/2022');
insert into clients (id, login, password, discount_points, telephone, reg_date) values (6687684035, 'Robinetta', '8660651863', 30, 8977654890, '6/7/2022');
insert into clients (id, login, password, discount_points, telephone, reg_date) values (8394536093, 'Mick', '0288030184', 31, 8909876543, '1/2/2022');
insert into clients (id, login, password, discount_points, telephone, reg_date) values (4320448316, 'Renelle', '9631485730', 32, 8908909867, '1/9/2022');
insert into clients (id, login, password, discount_points, telephone, reg_date) values (9211797942, 'Cayla', '4469979368', 33, 8909876880, '5/1/2022');
insert into clients (id, login, password, discount_points, telephone, reg_date) values (6584388425, 'Tiler', '6966708321', 34, 8909875599, '3/6/2022');
insert into clients (id, login, password, discount_points, telephone, reg_date) values (6272710070, 'Hephzibah', '9539156866', 35, 8909554477, '6/5/2022');
insert into clients (id, login, password, discount_points, telephone, reg_date) values (8219368373, 'Lizabeth', '0495777390', 36, 8909876690, '1/8/2022');
insert into clients (id, login, password, discount_points, telephone, reg_date) values (9189815114, 'Malvin', '7288146952', 37, 8912432134, '1/1/2022');
insert into clients (id, login, password, discount_points, telephone, reg_date) values (9984467953, 'Craig', '8249632184', 38, 8976543212, '7/6/2022');
insert into clients (id, login, password, discount_points, telephone, reg_date) values (5912415422, 'Gaultiero', '8111911769', 39, 8905432177, '8/3/2022');
insert into clients (id, login, password, discount_points, telephone, reg_date) values (2308634928, 'Harmony', '0025630458', 40, 8907543216, '8/5/2022');
insert into clients (id, login, password, discount_points, telephone, reg_date) values (3509648358, 'Doria', '4734699658', 41, 8909876543, '3/7/2022');
insert into clients (id, login, password, discount_points, telephone, reg_date) values (9520049916, 'Chancey', '9286624328', 42, 8909876547, '7/5/2022');
insert into clients (id, login, password, discount_points, telephone, reg_date) values (9861194878, 'Linette', '3993044231', 43, 8901678976, '4/3/2022');
insert into clients (id, login, password, discount_points, telephone, reg_date) values (0540622141, 'Thekla', '0188022236', 44, 8990567890, '8/7/2022');
insert into clients (id, login, password, discount_points, telephone, reg_date) values (8295381644, 'Sammie', '1872983235', 45, 8907968755, '3/2/2022');
insert into clients (id, login, password, discount_points, telephone, reg_date) values (7416807263, 'Zaccaria', '1740807804', 46, 8966578477, '2/2/2022');
insert into clients (id, login, password, discount_points, telephone, reg_date) values (6182643242, 'Justin', '6553197644', 47, 8904756789, '1/12/2022');
insert into clients (id, login, password, discount_points, telephone, reg_date) values (1599778521, 'Jenda', '3005206866', 48, 8905009099, '5/6/2022');
insert into clients (id, login, password, discount_points, telephone, reg_date) values (4839181594, 'Aile', '1004592426', 49, 8975648837, '3/2/2022');
insert into clients (id, login, password, discount_points, telephone, reg_date) values (1106433963, 'Allsun', '0742482855', 50, 8965788455, '1/3/2022');
insert into clients (id, login, password, discount_points, telephone, reg_date) values (2108268812, 'Mattie', '4327060542', 51, 8977564356, '5/9/2022');
insert into clients (id, login, password, discount_points, telephone, reg_date) values (7679617074, 'Edith', '7277507940', 52, 8907685477, '12/5/2021');
insert into clients (id, login, password, discount_points, telephone, reg_date) values (8202039444, 'Fanni', '3818261415', 53, 8907588888, '7/2/2022');
insert into clients (id, login, password, discount_points, telephone, reg_date) values (8067366896, 'Merrel', '6844423861', 54, 8975664788, '4/5/2022');
insert into clients (id, login, password, discount_points, telephone, reg_date) values (7012986344, 'Bryce', '0372629121', 55, 8900975577, '6/1/2022');
insert into clients (id, login, password, discount_points, telephone, reg_date) values (7550677433, 'Sherm', '8503371685', 56, 8909887788, '2/1/2022');
insert into clients (id, login, password, discount_points, telephone, reg_date) values (2162984075, 'Petey', '0900032243', 57, 8900856477, '1/8/2022');
insert into clients (id, login, password, discount_points, telephone, reg_date) values (7777971166, 'Fabian', '4891437618', 58, 8900668899, '2/11/2022');
insert into clients (id, login, password, discount_points, telephone, reg_date) values (4593813182, 'Suzanne', '1312576626', 59, 8965748392, '4/1/2022');
insert into clients (id, login, password, discount_points, telephone, reg_date) values (2473136599, 'Lucine', '3343418552', 60, 8912436576, '8/7/2022');
insert into clients (id, login, password, discount_points, telephone, reg_date) values (5706102732, 'Sally', '5491815586', 61, 8900173566, '7/6/2022');
insert into clients (id, login, password, discount_points, telephone, reg_date) values (0937819514, 'Nancee', '9568008772', 62, 8900765432, '3/3/2022');
insert into clients (id, login, password, discount_points, telephone, reg_date) values (8235393999, 'Brien', '3867152527', 63, 8900765432, '3/1/2022');
insert into clients (id, login, password, discount_points, telephone, reg_date) values (2388929342, 'Adan', '1794497528', 64, 8976135690, '8/4/2022');
insert into clients (id, login, password, discount_points, telephone, reg_date) values (4580139305, 'Oliver', '3320292609', 65, 8976543213, '12/5/2021');
insert into clients (id, login, password, discount_points, telephone, reg_date) values (6245037921, 'Alla', '1944383220', 66, 8976543213, '1/2/2022');
insert into clients (id, login, password, discount_points, telephone, reg_date) values (9250425554, 'Terese', '9549958477', 67, 8900765477, '7/2/2022');
insert into clients (id, login, password, discount_points, telephone, reg_date) values (5214359438, 'Karia', '1354442601', 68, 8965778654, '3/6/2022');
insert into clients (id, login, password, discount_points, telephone, reg_date) values (8950491249, 'Shirline', '4994627827', 69, 8907546666, '3/6/2022');
insert into clients (id, login, password, discount_points, telephone, reg_date) values (0226986160, 'Rick', '4416545630', 70, 8900976899, '4/2/2022');
insert into clients (id, login, password, discount_points, telephone, reg_date) values (9030426586, 'Gilemette', '8029137168', 71, 8977695000, '4/9/2022');
insert into clients (id, login, password, discount_points, telephone, reg_date) values (2687651397, 'Aimil', '1911431455', 72, 8976859403, '12/4/2021');
insert into clients (id, login, password, discount_points, telephone, reg_date) values (3025427590, 'Haily', '3992671380', 73, 8900957688, '8/3/2022');
insert into clients (id, login, password, discount_points, telephone, reg_date) values (8709509488, 'Dot', '8115158569', 74, 8975644536, '3/2/2022');
insert into clients (id, login, password, discount_points, telephone, reg_date) values (2339606349, 'Hildegaard', '9220171414', 75, 8909876543, '2/3/2022');
insert into clients (id, login, password, discount_points, telephone, reg_date) values (6715436061, 'Gabrielle', '2376338212', 76, 8976009911, '9/4/2022');
insert into clients (id, login, password, discount_points, telephone, reg_date) values (3473728578, 'Alice', '9986837014', 77, 8966453755, '9/11/2022');
insert into clients (id, login, password, discount_points, telephone, reg_date) values (9817520595, 'Lane', '1906282048', 78, 8976568499, '8/1/2022');
insert into clients (id, login, password, discount_points, telephone, reg_date) values (1602519722, 'Blondell', '6956787849', 79, 8900375849, '3/4/2022');
insert into clients (id, login, password, discount_points, telephone, reg_date) values (3237293342, 'Lind', '6832233531', 80, 8988740038, '2/4/2022');
insert into clients (id, login, password, discount_points, telephone, reg_date) values (7291197937, 'Chris', '2466664992', 81, 8976599008, '12/1/2021');
insert into clients (id, login, password, discount_points, telephone, reg_date) values (3726462430, 'Chrissy', '7638854462', 82, 8900990099, '2/4/2022');
insert into clients (id, login, password, discount_points, telephone, reg_date) values (7003611562, 'Stefa', '4057153497', 83, 8998899889, '9/7/2022');
insert into clients (id, login, password, discount_points, telephone, reg_date) values (5496627818, 'Wileen', '5204452206', 84, 8912213223, '3/2/2022');
insert into clients (id, login, password, discount_points, telephone, reg_date) values (9969510363, 'Van', '0552763594', 85, 8900987881, '6/8/2022');
insert into clients (id, login, password, discount_points, telephone, reg_date) values (6546737698, 'Dag', '4695210606', 86, 8999873455, '4/1/2022');
insert into clients (id, login, password, discount_points, telephone, reg_date) values (9232325179, 'Romeo', '2333513861', 87, 8911002988, '5/9/2022');
insert into clients (id, login, password, discount_points, telephone, reg_date) values (8584009841, 'Kirby', '9778977968', 88, 8977648739, '4/1/2022');
insert into clients (id, login, password, discount_points, telephone, reg_date) values (3620928487, 'Joanie', '1186389427', 89, 8998766754, '5/1/2022');
insert into clients (id, login, password, discount_points, telephone, reg_date) values (5340604284, 'Terry', '8976566882', 90, 8998665544, '7/3/2022');
insert into clients (id, login, password, discount_points, telephone, reg_date) values (5974477685, 'Colet', '5024164512', 91, 8998007658, '2/4/2022');
insert into clients (id, login, password, discount_points, telephone, reg_date) values (7824167968, 'Lenee', '9468534588', 92, 8966374655, '7/9/2022');
insert into clients (id, login, password, discount_points, telephone, reg_date) values (4099518035, 'Averyl', '5595442379', 93, 8965112233, '2/7/2022');
insert into clients (id, login, password, discount_points, telephone, reg_date) values (7187023421, 'Emalee', '2196774316', 94, 8977446655, '3/3/2022');
insert into clients (id, login, password, discount_points, telephone, reg_date) values (2662122838, 'Kermy', '7111846214', 95, 8990090754, '7/3/2022');
insert into clients (id, login, password, discount_points, telephone, reg_date) values (0516380362, 'Trumann', '5911350149', 96, 8964376945, '9/4/2022');
insert into clients (id, login, password, discount_points, telephone, reg_date) values (0913028185, 'Zackariah', '2539545718', 97, 8909817485, '9/9/2022');
insert into clients (id, login, password, discount_points, telephone, reg_date) values (6995999452, 'Traver', '7479029780', 98, 8909754678, '1/7/2022');
insert into clients (id, login, password, discount_points, telephone, reg_date) values (1681615436, 'Lora', '0438033787', 99, 8911234627, '5/2/2022');
insert into clients (id, login, password, discount_points, telephone, reg_date) values (5672543650, 'Jennie', '1384167412', 100, 8976490011, '2/1/2022');

--customers
insert into customers (id, client_id, city, email) values (3562, 0934811245, 'Penza', 'orlova.sergej@example.com');
insert into customers (id, client_id, city, email) values (3724, 6689856828, 'Yekaterinburg', 'lilia80@example.org');
insert into customers (id, client_id, city, email) values (3006, 2117976522,'Nizhny Novgorod', 'ignatij96@example.net');
insert into customers (id, client_id, city, email) values (1504, 3636514407,'Barnaul', 'stanislav.fokina@example.org');
insert into customers (id, client_id, city, email) values (1426, 1891416898, 'Saratov', 'dkorolev@example.org');
insert into customers (id, client_id, city, email) values (3785, 9298755783, 'Penza', 'rostislav.rodionov@example.com'); 
insert into customers (id, client_id, city, email) values (2912, 9297237339, 'Nizhny Novgorod', 'haritonova.stefan@example.org');
insert into customers (id, client_id, city, email) values (2238, 4316344455, 'Kaliningrad','ulian.guseva@example.com');
insert into customers (id, client_id, city, email) values (3714, 4056880824, 'Anapa', 'anastasia54@example.com');
insert into customers (id, client_id, city, email) values (2472, 5144374298, 'Barnaul', 'matvej.drozdov@example.net');   
insert into customers (id, client_id, city, email) values (2105, 8866757187, 'Anapa', 'regina.siraeva@example.net');
insert into customers (id, client_id, city, email) values (1746, 5622931606, 'Saratov', 'filipp23@example.org');
insert into customers (id, client_id, city, email) values (2101, 6297136173, 'Barnaul', 'elena45@example.com');
insert into customers (id, client_id, city, email) values (1553, 4656929107, 'Penza', 'sysoeva.raisa@example.net'); 
insert into customers (id, client_id, city, email) values (3163, 0594080061, 'Anapa', 'vladimir.bogdanov@example.com');
insert into customers (id, client_id, city, email) values (1647, 0769800556, 'Krasnodar', 'alina.tihonov@example.com');
insert into customers (id, client_id, city, email) values (2201, 9074275338, 'Anapa', 'platon92@example.net');
insert into customers (id, client_id, city, email) values (2738, 2661831452, 'Anapa', 'mihajlov.erik@example.net');  
insert into customers (id, client_id, city, email) values (1748, 6414008273, 'Yekaterinburg', 'efim.timofeev@example.net');
insert into customers (id, client_id, city, email) values (1848, 4967744966, 'Kaliningrad', 'panova.prohor@example.com');
insert into customers (id, client_id, city, email) values (2877, 1420166425, 'Nizhny Novgorod', 'kolobova.vitold@example.net');
insert into customers (id, client_id, city, email) values (2737, 5076174497, 'Moscow', 'trofim92@example.org'); 
insert into customers (id, client_id, city, email) values (2163, 2205570838, 'Yekaterinburg', 'mlebedev@example.net');
insert into customers (id, client_id, city, email) values (2149, 5023158586, 'Vladimir', 'guseva.dmitrij@example.com');
insert into customers (id, client_id, city, email) values (3377, 6398060326, 'Nizhny Novgorod', 'kgorbaceva@example.org'); 
insert into customers (id, client_id, city, email) values (3720, 8398178361, 'Krasnodar', 'lapina.emilia@example.org');
insert into customers (id, client_id, city, email) values (1696, 2320001271, 'Yekaterinburg', 'svetlana30@example.com');  
insert into customers (id, client_id, city, email) values (2681, 0526171413, 'Perm', 'nesterova.trofim@example.org');
insert into customers (id, client_id, city, email) values (1654, 2030721964, 'Vladimir', 'ulij89@example.org'); 
insert into customers (id, client_id, city, email) values (2644, 2699511471, 'Barnaul', 'margarita91@example.com');
insert into customers (id, client_id, city, email) values (3335, 5980078452, 'Moscow', 'inga.kalinina@example.org');
insert into customers (id, client_id, city, email) values (1913, 4904406877, 'Vladimir', 'ghohlova@example.com');
insert into customers (id, client_id, city, email) values (1866, 6996582563, 'Barnaul', 'sofa68@example.com'); 
insert into customers (id, client_id, city, email) values (1289, 9118785476, 'Perm', 'arsenij.tarasov@example.org'); 
insert into customers (id, client_id, city, email) values (3165, 7112671663, 'Vladimir', 'psmirnova@example.net');
insert into customers (id, client_id, city, email) values (2037, 3654111661, 'Moscow', 'vorobev.taisia@example.com'); 
insert into customers (id, client_id, city, email) values (2318, 4683028654, 'Penza', 'izolda.vinogradova@example.net'); 
insert into customers (id, client_id, city, email) values (3329, 5672543650, 'Saint-Petersburg', 'dominika89@example.com'); 
insert into customers (id, client_id, city, email) values (3322, 6995999452, 'Saint-Petersburg', 'innokentij37@example.net'); 
insert into customers (id, client_id, city, email) values (3378, 7187023421, 'Perm', 'msafonova@example.org'); 
insert into customers (id, client_id, city, email) values (1953, 3620928487, 'Anapa', 'vladlena46@example.net'); 
insert into customers (id, client_id, city, email) values (2344, 9232325179, 'Saratov', 'hsmirnova@example.net'); 
insert into customers (id, client_id, city, email) values (2475, 8584009841, 'Moscow', 'nonna29@example.org');
insert into customers (id, client_id, city, email) values (3757, 6546737698, 'Saint-Petersburg', 'lada.panov@example.net'); 
insert into customers (id, client_id, city, email) values (1468, 5496627818, 'Yekaterinburg', 'maksimova.izabella@example.net'); 
insert into customers (id, client_id, city, email) values (3073, 3726462430, 'Saint-Petersburg', 'lubov17@example.net');
insert into customers (id, client_id, city, email) values (2264, 7291197937, 'Vladimir', 'antonin.nazarova@example.com');
insert into customers (id, client_id, city, email) values (2155, 3237293342, 'Perm', 'ila.drozdova@example.org');
insert into customers (id, client_id, city, email) values (2499, 1602519722, 'Nizhny Novgorod', 'zdanova.valeria@example.com');
insert into customers (id, client_id, city, email) values (2411, 3473728578, 'Anapa', 'nkulagin@example.net');
insert into customers (id, client_id, city, email) values (2823, 2339606349, 'Saratov', 'adam.rybakov@example.com');
insert into customers (id, client_id, city, email) values (3767, 3025427590, 'Vladimir', 'daniil39@example.com'); 
insert into customers (id, client_id, city, email) values (2001, 0516380362, 'Krasnodar', 'mashatpp@example.com');
insert into customers (id, client_id, city, email) values (2034, 7003611562, 'Saint-Petersburg', 'romaroma@example.com');
insert into customers (id, client_id, city, email) values (2042, 6715436061, 'Saratov', 'lovalova@example.com');
insert into customers (id, client_id, city, email) values (2091, 9817520595, 'Perm', 'mynameis@example.com');
insert into customers (id, client_id, city, email) values (3401, 8709509488, 'Moscow', 'bonita@example.com');
insert into customers (id, client_id, city, email) values (2222, 0797038086,  'Penza', 'miamia@example.com');
insert into customers (id, client_id, city, email) values (2121, 1938179986, 'Nizhny Novgorod', 'yayaya@example.com');
insert into customers (id, client_id, city, email) values (2312, 5088762887, 'Perm', 'cocoaco@example.com');
insert into customers (id, client_id, city, email) values (2442, 8301473738, 'Saratov', 'marypol@example.com');
insert into customers (id, client_id, city, email) values (3223, 1831894440, 'Anapa', 'mayapril@example.com');
insert into customers (id, client_id, city, email) values (2223, 2564637493, 'Yekaterinburg', 'sooooso@example.com');
insert into customers (id, client_id, city, email) values (3311, 8872178959, 'Penza', 'wowowowowo@example.com');
insert into customers (id, client_id, city, email) values (2311, 0226986160, 'Moscow', 'mimimi@example.com');
insert into customers (id, client_id, city, email) values (2200, 9250425554, 'Vladimir', 'kateis@example.com');
insert into customers (id, client_id, city, email) values (2004, 8295381644, 'Saratov', 'opqrst@example.com');

--product_categories
insert into product_categories (id, category_description, num_of_positions) values (1234, 'food', 7 );
insert into product_categories (id, category_description, num_of_positions) values (1243, 'home_garden', 4);
insert into product_categories (id, category_description, num_of_positions) values (1256 , 'decor', 3);
insert into product_categories (id, category_description, num_of_positions) values (1456, 'clothes_and_shoes', 8);
insert into product_categories (id, category_description, num_of_positions) values (1356 , 'electronics', 5); 
insert into product_categories (id, category_description, num_of_positions) values (1233 , 'toys', 8); 
insert into product_categories (id, category_description, num_of_positions) values (1556 , 'books', 2); 
insert into product_categories (id, category_description, num_of_positions) values (1656 , 'pharmacy', 2); 
insert into product_categories (id, category_description, num_of_positions) values (1221 , 'construction_and_repair', 3); 
insert into product_categories (id, category_description, num_of_positions) values (1346 , 'beauty_and_health', 7); 
insert into product_categories (id, category_description, num_of_positions) values (1254 , 'auto_products', 3); 
insert into product_categories (id, category_description, num_of_positions) values (1096 , 'sports_and_recreation', 5); 
insert into product_categories (id, category_description, num_of_positions) values (1212 , 'tourism', 5); 
insert into product_categories (id, category_description, num_of_positions) values (1006 , 'games_and_consoles', 2); 
insert into product_categories (id, category_description, num_of_positions) values (1276 , 'furniture', 6); 
insert into product_categories (id, category_description, num_of_positions) values (1116 , 'household_chemicals', 4); 
insert into product_categories (id, category_description, num_of_positions) values (1506 , 'jewelry', 5);

--producers
insert into producers (id, producer_name, country) values (5436, 'P&G', 'USA');
insert into producers (id, producer_name, country) values (6732, 'AMAY', 'Russia');
insert into producers (id, producer_name, country) values (8765, 'HARIBO', 'Germany');
insert into producers (id, producer_name, country) values (8760, 'Bukinistika', 'Russia');
insert into producers (id, producer_name, country) values (4360, 'HAZCOR', 'Kazahstan');
insert into producers (id, producer_name, country) values (6760, 'Atlanta_jewelery', 'Russia');
insert into producers (id, producer_name, country) values (4860, 'LEGO', 'Denmark');
insert into producers (id, producer_name, country) values (9760, 'BORK', 'Russia');
insert into producers (id, producer_name, country) values (6360, 'Loreal', 'France');
insert into producers (id, producer_name, country) values (9456, 'REXANT', 'Germany');
insert into producers (id, producer_name, country) values (7490, 'Vkusvill', 'Russia');
insert into producers (id, producer_name, country) values (8540, 'Hoff', 'Russia');
insert into producers (id, producer_name, country) values (9060, 'IKEA', 'Russia');
insert into producers (id, producer_name, country) values (6938, 'Simple_line', 'Uzbekistan');
insert into producers (id, producer_name, country) values (9830, 'GazpronNeft', 'Russia');
insert into producers (id, producer_name, country) values (4538, 'BeFit', 'Kazahstan');
insert into producers (id, producer_name, country) values (1262, 'Mars', 'USA');
insert into producers (id, producer_name, country) values (5560, 'Matrix', 'Germany');
insert into producers (id, producer_name, country) values (9564, 'APOLLO', 'Russia');
insert into producers (id, producer_name, country) values (2134, 'Vidage', 'France');
insert into producers (id, producer_name, country) values (4334, 'Adidas', 'Germany');

--warehouses
insert into warehouses (id, warehouse_name, warehouse_place) values (9876, 'Depo', 'Moscow');
insert into warehouses (id, warehouse_name, warehouse_place) values (7654, 'Petrograd', 'Saint-Petersburg');
insert into warehouses (id, warehouse_name, warehouse_place) values (6032, 'Ambar', 'Pskov');
insert into warehouses (id, warehouse_name, warehouse_place) values (5555, 'Zapas', 'Novgorod');
insert into warehouses (id, warehouse_name, warehouse_place) values (4545, 'Klad', 'Tomsk');
insert into warehouses (id, warehouse_name, warehouse_place) values (5656, 'Lavka', 'Krasnodar');

--products
insert into products (id, product_name, product_category_id, product_cost, num_available, producer_id, warehouse_id ) values (111, 'Chocolate_bar', 1234, 55, 34, '1262', '7654'); 
insert into products (id, product_name, product_category_id, product_cost, num_available, producer_id, warehouse_id ) values (112, 'Gum', 1234, 98, 54, '8765', '9876'); 
insert into products (id, product_name, product_category_id, product_cost, num_available, producer_id, warehouse_id ) values (113, 'Marmalade', 1234, 134, 26, '8765', '5656'); 
insert into products (id, product_name, product_category_id, product_cost, num_available, producer_id, warehouse_id ) values (114, 'Gummy_bear', 1234, 78, 41, '8765', '6032'); 
insert into products (id, product_name, product_category_id, product_cost, num_available, producer_id, warehouse_id ) values (115, 'Gummy_worms', 1234, 49, 57, '8765', '7654'); 
insert into products (id, product_name, product_category_id, product_cost, num_available, producer_id, warehouse_id ) values (116, 'Coffe', 1234, 329, 19, '6732', '7654'); 
insert into products (id, product_name, product_category_id, product_cost, num_available, producer_id, warehouse_id ) values (117, 'Choco_pie', 1234, 29, 87, '5436', '4545'); 
insert into products (id, product_name, product_category_id, product_cost, num_available, producer_id, warehouse_id ) values (118, 'Flower_pot', 1243, 354, 9, '8540', '9876'); 
insert into products (id, product_name, product_category_id, product_cost, num_available, producer_id, warehouse_id ) values (119, 'Rake', 1243, 419, 23, '5560', '4545'); 
insert into products (id, product_name, product_category_id, product_cost, num_available, producer_id, warehouse_id ) values (120, 'Deck_chair', 1243, 5399, 4, '9760', '7654'); 
insert into products (id, product_name, product_category_id, product_cost, num_available, producer_id, warehouse_id ) values (121, 'Shovel', 1243, 149, 47, '5560', '5555'); 
insert into products (id, product_name, product_category_id, product_cost, num_available, producer_id, warehouse_id ) values (122, 'Christmas_tree', 1256, 2999, 51, '8540', '5656'); 
insert into products (id, product_name, product_category_id, product_cost, num_available, producer_id, warehouse_id ) values (123, 'Candles', 1256, 156, 86, '2134', '5555'); 
insert into products (id, product_name, product_category_id, product_cost, num_available, producer_id, warehouse_id ) values (124, 'Pedestal', 1256, 349, 18, '8540', '6032'); 
insert into products (id, product_name, product_category_id, product_cost, num_available, producer_id, warehouse_id ) values (125, 'Red_skirt', 1456, 4000, 37, '4360', '7654'); 
insert into products (id, product_name, product_category_id, product_cost, num_available, producer_id, warehouse_id ) values (126, 'White_dress', 1456, 1999, 68, '6938', '9876'); 
insert into products (id, product_name, product_category_id, product_cost, num_available, producer_id, warehouse_id ) values (127, 'Brown_trouses', 1456, 3400, 16, '4334', '6032'); 
insert into products (id, product_name, product_category_id, product_cost, num_available, producer_id, warehouse_id ) values (128, 'Purple_shoes', 1456, 3780, 10, '4360', '7654'); 
insert into products (id, product_name, product_category_id, product_cost, num_available, producer_id, warehouse_id ) values (129, 'Red_pants', 1456, 5890, 8, '6938', '7654'); 
insert into products (id, product_name, product_category_id, product_cost, num_available, producer_id, warehouse_id ) values (130, 'Blue_skirt', 1456, 3299, 43, '4334', '9876'); 
insert into products (id, product_name, product_category_id, product_cost, num_available, producer_id, warehouse_id ) values (131, 'Yellow_tshirt', 1456, 856, 64, '6938', '5656'); 
insert into products (id, product_name, product_category_id, product_cost, num_available, producer_id, warehouse_id ) values (132, 'Sneakers', 1456, 3999, 12, '4360', '9876'); 
insert into products (id, product_name, product_category_id, product_cost, num_available, producer_id, warehouse_id ) values (133, 'Toaster', 1356, 6900, 7, '9760', '7654');
insert into products (id, product_name, product_category_id, product_cost, num_available, producer_id, warehouse_id ) values (134, 'TV', 1356, 12875, 39, '5560', '6032'); 
insert into products (id, product_name, product_category_id, product_cost, num_available, producer_id, warehouse_id ) values (135, 'Computer', 1356, 43800, 15, '9456', '7654'); 
insert into products (id, product_name, product_category_id, product_cost, num_available, producer_id, warehouse_id ) values (136, 'Teapot', 1356, 1299, 80, '5560', '5555'); 
insert into products (id, product_name, product_category_id, product_cost, num_available, producer_id, warehouse_id ) values (137, 'Hairdryer', 1356, 4900, 15, '9760', '7654'); 
insert into products (id, product_name, product_category_id, product_cost, num_available, producer_id, warehouse_id ) values (138, 'Bear_toy', 1233, 780, 59, '9060', '7654'); 
insert into products (id, product_name, product_category_id, product_cost, num_available, producer_id, warehouse_id ) values (139, 'Lego', 1233, 890, 115, '4860', '7654'); 
insert into products (id, product_name, product_category_id, product_cost, num_available, producer_id, warehouse_id ) values (140, 'Doll', 1233, 1999, 45, '9060', '7654'); 
insert into products (id, product_name, product_category_id, product_cost, num_available, producer_id, warehouse_id ) values (141, 'Train', 1233, 360, 45, '4860', '7654'); 
insert into products (id, product_name, product_category_id, product_cost, num_available, producer_id, warehouse_id ) values (142, 'Chess', 1233, 1990, 32, '7490', '7654'); 
insert into products (id, product_name, product_category_id, product_cost, num_available, producer_id, warehouse_id ) values (143, 'Monopoly', 1233, 2860, 112, '8765', '7654'); 
insert into products (id, product_name, product_category_id, product_cost, num_available, producer_id, warehouse_id ) values (144, 'Alias', 1233, 3500, 65, '7490', '7654'); 
insert into products (id, product_name, product_category_id, product_cost, num_available, producer_id, warehouse_id ) values (145, 'Angel', 1233, 3990, 5, '9060', '7654'); 
insert into products (id, product_name, product_category_id, product_cost, num_available, producer_id, warehouse_id ) values (146, 'Classic_literature', 1556, 549, 108, '8760', '9876'); 
insert into products (id, product_name, product_category_id, product_cost, num_available, producer_id, warehouse_id ) values (147, 'Funfiction_literature', 1556, 379, 86, '8760', '5555'); 
insert into products (id, product_name, product_category_id, product_cost, num_available, producer_id, warehouse_id ) values (148, 'Tablets', 1656, 318, 51, 'Vkusvill', '6032'); 
insert into products (id, product_name, product_category_id, product_cost, num_available, producer_id, warehouse_id ) values (149, 'Pills', 1656, 119, 56, 'Vkusvill', '5656'); 
insert into products (id, product_name, product_category_id, product_cost, num_available, producer_id, warehouse_id ) values (150, 'Paint', 1221, 980, 113, '8540', '9876'); 
insert into products (id, product_name, product_category_id, product_cost, num_available, producer_id, warehouse_id ) values (151, 'Wallpaper', 1221, 716, 62, '9060', '7654'); 
insert into products (id, product_name, product_category_id, product_cost, num_available, producer_id, warehouse_id ) values (152, 'Brick', 1221, 319, 54, '8540', '9876'); 
insert into products (id, product_name, product_category_id, product_cost, num_available, producer_id, warehouse_id ) values (153, 'Faceclean', 1346, 450, 15, '2134', '7654'); 
insert into products (id, product_name, product_category_id, product_cost, num_available, producer_id, warehouse_id ) values (154, 'Losion', 1346, 890, 45, '6760', '5555'); 
insert into products (id, product_name, product_category_id, product_cost, num_available, producer_id, warehouse_id ) values (155, 'Eyeliner', 1346, 2100, 49, '2134', '4545'); 
insert into products (id, product_name, product_category_id, product_cost, num_available, producer_id, warehouse_id ) values (156, 'Mask', 1346, 129, 154, '6760', '6032'); 
insert into products (id, product_name, product_category_id, product_cost, num_available, producer_id, warehouse_id ) values (157, 'Eyeshadows', 1346, 2009, 54, '6760', '7654'); 
insert into products (id, product_name, product_category_id, product_cost, num_available, producer_id, warehouse_id ) values (158, 'Consiler', 1346, 670, 14, '6760', '9876'); 
insert into products (id, product_name, product_category_id, product_cost, num_available, producer_id, warehouse_id ) values (159, 'Fondation', 1346, 590, 34, '2134', '4545'); 
insert into products (id, product_name, product_category_id, product_cost, num_available, producer_id, warehouse_id ) values (160, 'Tire', 1254, 1900, 34, '9830', '5555'); 
insert into products (id, product_name, product_category_id, product_cost, num_available, producer_id, warehouse_id ) values (161, 'Window_washer', 1254, 500, 67, '9830', '5656'); 
insert into products (id, product_name, product_category_id, product_cost, num_available, producer_id, warehouse_id ) values (162, 'Motor_oil', 1254, 999, 15, '9830', '7654'); 
insert into products (id, product_name, product_category_id, product_cost, num_available, producer_id, warehouse_id ) values (163, 'Barbell', 1096, 3500, 10, '4360', '5656'); 
insert into products (id, product_name, product_category_id, product_cost, num_available, producer_id, warehouse_id ) values (164, 'Cettlebell', 1096, 1499, 14, '9456', '5555'); 
insert into products (id, product_name, product_category_id, product_cost, num_available, producer_id, warehouse_id ) values (165, 'Sport_ball', 1096, 55, 34, '4538', '7654'); 
insert into products (id, product_name, product_category_id, product_cost, num_available, producer_id, warehouse_id ) values (166, 'Skipping_rope', 1096, 390, 54, '4538', '4545'); 
insert into products (id, product_name, product_category_id, product_cost, num_available, producer_id, warehouse_id ) values (167, 'Rope', 1096, 1299, 4, '4538', '7654'); 
insert into products (id, product_name, product_category_id, product_cost, num_available, producer_id, warehouse_id ) values (168, 'Backpack', 1212, 55, 34, '4334', '6032'); 
insert into products (id, product_name, product_category_id, product_cost, num_available, producer_id, warehouse_id ) values (169, 'Compas', 1212, 55, 34, '9456', '9876'); 
insert into products (id, product_name, product_category_id, product_cost, num_available, producer_id, warehouse_id ) values (170, 'Tent', 1212, 4900, 34, 'Simple_line', '5656'); 
insert into products (id, product_name, product_category_id, product_cost, num_available, producer_id, warehouse_id ) values (171, 'Hammok', 1212, 1590, 34, '1262', '9876'); 
insert into products (id, product_name, product_category_id, product_cost, num_available, producer_id, warehouse_id ) values (172, 'Slipping_bag', 1212, 55, 34, 'Simple_line', '7654'); 
insert into products (id, product_name, product_category_id, product_cost, num_available, producer_id, warehouse_id ) values (173, 'PlayStation', 1006, 15000, 14, '1262', '5555'); 
insert into products (id, product_name, product_category_id, product_cost, num_available, producer_id, warehouse_id ) values (174, 'XBox', 1006, 12000, 21, '1262', '9876'); 
insert into products (id, product_name, product_category_id, product_cost, num_available, producer_id, warehouse_id ) values (175, 'Chair', 1276, 1780, 69, '8540', '4545'); 
insert into products (id, product_name, product_category_id, product_cost, num_available, producer_id, warehouse_id ) values (176, 'Desk', 1276, 4500, 27, '8540', '7654'); 
insert into products (id, product_name, product_category_id, product_cost, num_available, producer_id, warehouse_id ) values (177, 'Mirrow', 1276, 2291, 64, '8540', '9876'); 
insert into products (id, product_name, product_category_id, product_cost, num_available, producer_id, warehouse_id ) values (178, 'Table', 1276, 2600, 44, '9060', '5656'); 
insert into products (id, product_name, product_category_id, product_cost, num_available, producer_id, warehouse_id ) values (179, 'Sofa', 1276, 6900, 9, '9060', '7654'); 
insert into products (id, product_name, product_category_id, product_cost, num_available, producer_id, warehouse_id ) values (180, 'Coffetable', 1276, 1999, 12, '9060', '7654'); 
insert into products (id, product_name, product_category_id, product_cost, num_available, producer_id, warehouse_id ) values (181, 'Soda', 1116, 122, 86, '6938', '4545'); 
insert into products (id, product_name, product_category_id, product_cost, num_available, producer_id, warehouse_id ) values (182, 'Bleach', 1116, 515, 64, '6938', '4545'); 
insert into products (id, product_name, product_category_id, product_cost, num_available, producer_id, warehouse_id ) values (183, 'Deodorizer', 1116, 439, 20, '6938', '5656'); 
insert into products (id, product_name, product_category_id, product_cost, num_available, producer_id, warehouse_id ) values (184, 'Broom', 1116, 1122, 19, '6938', '9876'); 
insert into products (id, product_name, product_category_id, product_cost, num_available, producer_id, warehouse_id ) values (185, 'Braclet', 1506, 1347, 91, '6760', '5656'); 
insert into products (id, product_name, product_category_id, product_cost, num_available, producer_id, warehouse_id ) values (186, 'Silver_ring', 1506, 3500, 5, '6760', '7654'); 
insert into products (id, product_name, product_category_id, product_cost, num_available, producer_id, warehouse_id ) values (187, 'Neckless', 1506, 2190, 21, '6360', '9876'); 
insert into products (id, product_name, product_category_id, product_cost, num_available, producer_id, warehouse_id ) values (188, 'Earings', 1506, 600, 54, '6360', '7654'); 
insert into products (id, product_name, product_category_id, product_cost, num_available, producer_id, warehouse_id ) values (189, 'Diadema', 1506, 1290, 34, '6760', '9876');

--reviews
insert into reviews (id, customer_id, review_text, product_grade, product_id) values (01, 3562, 'Very tasty!', 5, 111);
insert into reviews (id, customer_id, review_text, product_grade, product_id) values (02, 3006, 'I did not like it at all', 1, 114);
insert into reviews (id, customer_id, review_text, product_grade, product_id) values (03, 1504, 'Not as good as I thought it would be', 3, 112);
insert into reviews (id, customer_id, review_text, product_grade, product_id) values (04, 2912, 'Loved this skirt!', 5, 125);
insert into reviews (id, customer_id, review_text, product_grade, product_id) values (05, 2105, 'Beautiful!', 4, 128);
insert into reviews (id, customer_id, review_text, product_grade, product_id) values (06, 2472, 'Does not work', 1, 133);
insert into reviews (id, customer_id, review_text, product_grade, product_id) values (07, 2101, 'My kids loved it', 5, 139);
insert into reviews (id, customer_id, review_text, product_grade, product_id) values (08, 1553, 'Sooo good', 5, 114);
insert into reviews (id, customer_id, review_text, product_grade, product_id) values (09, 3163, 'Does not match my skin tone', 2, 159);
insert into reviews (id, customer_id, review_text, product_grade, product_id) values (10, 2201, 'Looks nice', 4, 122);
insert into reviews (id, customer_id, review_text, product_grade, product_id ) values (11, 2001, 'I liked this earings so much but they actually hurt if you wheare them all day.', 4, 188);
insert into reviews (id, customer_id, review_text, product_grade, product_id ) values (12, 2042, 'This car windo washer is awful! Do not buy it - save your money.', 1, 161);
insert into reviews (id, customer_id, review_text, product_grade, product_id ) values (13, 2091, 'The best braclet ever! I like it so much, it shines perfectly at the sun.', 5, 185);
insert into reviews (id, customer_id, review_text, product_grade, product_id ) values (14, 3401, 'Bought this game for my son as a birthday gift - children did not have fun, quite boring game. ', 3, 143);
insert into reviews (id, customer_id, review_text, product_grade, product_id ) values (15, 2222, 'The best price for PlayStation I have seen!', 5, 173);
insert into reviews (id, customer_id, review_text, product_grade, product_id ) values (16, 3223, 'My favourite mask after spa - makes skin smooth.', 5, 156);
insert into reviews (id, customer_id, review_text, product_grade, product_id ) values (17, 3311, 'I bought it for my wife, but delivery guy was late and i could not make it as a surprise gift', 4, 186);
insert into reviews (id, customer_id, review_text, product_grade, product_id ) values (18, 2311, 'Best choice to spend time with kids.', 5, 139);
insert into reviews (id, customer_id, review_text, product_grade, product_id ) values (19, 2200, 'The desk painted badly but figures very beautiful.', 4, 142);
insert into reviews (id, customer_id, review_text, product_grade, product_id ) values (20, 2004, 'Bought TV for grandma - she is happy!', 5, 134);

--orders
insert into orders (id, customer_id, num_of_products ) values (1, 3562, 1);
insert into orders (id, customer_id, num_of_products ) values (2, 3724, 1);
insert into orders (id, customer_id, num_of_products ) values (3, 3006, 2);
insert into orders (id, customer_id, num_of_products ) values (4, 1504, 1);
insert into orders (id, customer_id, num_of_products ) values (5, 1426, 1);
insert into orders (id, customer_id, num_of_products ) values (6, 3785, 1);
insert into orders (id, customer_id, num_of_products ) values (7, 2912, 1);
insert into orders (id, customer_id, num_of_products ) values (8, 2238, 1);
insert into orders (id, customer_id, num_of_products ) values (9, 3714, 1);
insert into orders (id, customer_id, num_of_products ) values (10, 2472, 3);
insert into orders (id, customer_id, num_of_products ) values (11, 2105, 2);
insert into orders (id, customer_id, num_of_products ) values (12, 1746, 1);
insert into orders (id, customer_id, num_of_products ) values (13, 2101, 1);
insert into orders (id, customer_id, num_of_products ) values (14, 1553, 1);
insert into orders (id, customer_id, num_of_products ) values (15, 3163, 1);
insert into orders (id, customer_id, num_of_products ) values (16, 1647, 1);
insert into orders (id, customer_id, num_of_products ) values (17, 2201, 1);
insert into orders (id, customer_id, num_of_products ) values (18, 2738, 1);
insert into orders (id, customer_id, num_of_products ) values (19, 1748, 2);
insert into orders (id, customer_id, num_of_products ) values (20, 1848, 1);
insert into orders (id, customer_id, num_of_products ) values (21, 2877, 1);
insert into orders (id, customer_id, num_of_products ) values (22, 2737, 1);
insert into orders (id, customer_id, num_of_products ) values (23, 2163, 1);
insert into orders (id, customer_id, num_of_products ) values (24, 2149, 1);
insert into orders (id, customer_id, num_of_products ) values (25, 3377, 1);
insert into orders (id, customer_id, num_of_products ) values (26, 3720, 1);
insert into orders (id, customer_id, num_of_products ) values (27, 1696, 1);
insert into orders (id, customer_id, num_of_products ) values (28, 2681, 1);
insert into orders (id, customer_id, num_of_products ) values (29, 1654, 2);
insert into orders (id, customer_id, num_of_products ) values (30, 2644, 1);
insert into orders (id, customer_id, num_of_products ) values (31, 3335, 1);
insert into orders (id, customer_id, num_of_products ) values (32, 1913, 1);
insert into orders (id, customer_id, num_of_products ) values (33, 1866, 1);
insert into orders (id, customer_id, num_of_products ) values (34, 1289, 1);
insert into orders (id, customer_id, num_of_products ) values (35, 3165, 1);
insert into orders (id, customer_id, num_of_products ) values (36, 2037, 1);
insert into orders (id, customer_id, num_of_products ) values (37, 2318, 3);
insert into orders (id, customer_id, num_of_products ) values (38, 3329, 1);
insert into orders (id, customer_id, num_of_products ) values (39, 3322, 1);
insert into orders (id, customer_id, num_of_products ) values (40, 3378, 1);
insert into orders (id, customer_id, num_of_products ) values (41, 1953, 1);
insert into orders (id, customer_id, num_of_products ) values (42, 2344, 1);
insert into orders (id, customer_id, num_of_products ) values (43, 2475, 2);
insert into orders (id, customer_id, num_of_products ) values (44, 3757, 1);
insert into orders (id, customer_id, num_of_products ) values (45, 1468, 1);
insert into orders (id, customer_id, num_of_products ) values (46, 3073, 1);
insert into orders (id, customer_id, num_of_products ) values (47, 2264, 1);
insert into orders (id, customer_id, num_of_products ) values (48, 2155, 2);
insert into orders (id, customer_id, num_of_products ) values (49, 2499, 1);
insert into orders (id, customer_id, num_of_products ) values (50, 2411, 1);
insert into orders (id, customer_id, num_of_products ) values (51, 2823, 1);
insert into orders (id, customer_id, num_of_products ) values (52, 3767, 3);
insert into orders (id, customer_id, num_of_products ) values (53, 2001, 1);
insert into orders (id, customer_id, num_of_products ) values (54, 2034, 2);
insert into orders (id, customer_id, num_of_products ) values (55, 2042, 1);
insert into orders (id, customer_id, num_of_products ) values (56, 2091, 1);
insert into orders (id, customer_id, num_of_products ) values (57, 3401, 1);
insert into orders (id, customer_id, num_of_products ) values (58, 2222, 1);
insert into orders (id, customer_id, num_of_products ) values (59, 2121, 2);
insert into orders (id, customer_id, num_of_products ) values (60, 2312, 1);
insert into orders (id, customer_id, num_of_products ) values (61, 2442, 1);
insert into orders (id, customer_id, num_of_products ) values (62, 3223, 1);
insert into orders (id, customer_id, num_of_products ) values (63, 2223, 1);
insert into orders (id, customer_id, num_of_products ) values (64, 3311, 1);
insert into orders (id, customer_id, num_of_products ) values (65, 2311, 2);
insert into orders (id, customer_id, num_of_products ) values (66, 2200, 1);
insert into orders (id, customer_id, num_of_products ) values (67, 2004, 3);

--purchases
insert into purchases (id, customer_id, product_id, date_of_purchase, cost, order_id) values ( 1111, 3562, 111, '1/12/2022', 55, 1);
insert into purchases (id, customer_id, product_id, date_of_purchase, cost, order_id) values ( 1112, 3724, 145, '1/12/2022', 3990, 2);
insert into purchases (id, customer_id, product_id, date_of_purchase, cost, order_id) values ( 1113, 3006, 114, '1/12/2022', 78, 3);
insert into purchases (id, customer_id, product_id, date_of_purchase, cost, order_id) values ( 1114, 3006, 117, '1/12/2022', 29, 3);
insert into purchases (id, customer_id, product_id, date_of_purchase, cost, order_id) values ( 1115, 1504, 112, '1/12/2022', 98, 4);
insert into purchases (id, customer_id, product_id, date_of_purchase, cost, order_id) values ( 1116, 1426, 133, '1/12/2022', 6900, 5);
insert into purchases (id, customer_id, product_id, date_of_purchase, cost, order_id) values ( 1117, 3785, 113, '1/12/2022', 134, 6);
insert into purchases (id, customer_id, product_id, date_of_purchase, cost, order_id) values ( 1118, 2912, 125, '2/12/2022', 4000, 7);
insert into purchases (id, customer_id, product_id, date_of_purchase, cost, order_id) values ( 1119, 2238, 111, '2/12/2022', 55, 8);
insert into purchases (id, customer_id, product_id, date_of_purchase, cost, order_id) values ( 1120, 3714, 144, '2/12/2022', 3500, 9);
insert into purchases (id, customer_id, product_id, date_of_purchase, cost, order_id) values ( 1121, 2472, 133, '2/12/2022', 6900, 10);
insert into purchases (id, customer_id, product_id, date_of_purchase, cost, order_id) values ( 1122, 2472, 125, '2/12/2022', 4000, 10);
insert into purchases (id, customer_id, product_id, date_of_purchase, cost, order_id) values ( 1123, 2472, 152, '2/12/2022', 319, 10);
insert into purchases (id, customer_id, product_id, date_of_purchase, cost, order_id) values ( 1124, 2105, 128, '2/12/2022', 3780, 11);
insert into purchases (id, customer_id, product_id, date_of_purchase, cost, order_id) values ( 1125, 2105, 142, '3/12/2022', 1990, 11);
insert into purchases (id, customer_id, product_id, date_of_purchase, cost, order_id) values ( 1126, 1746, 124, '3/12/2022', 349, 12);
insert into purchases (id, customer_id, product_id, date_of_purchase, cost, order_id) values ( 1127, 2101, 139, '3/12/2022', 890, 13);
insert into purchases (id, customer_id, product_id, date_of_purchase, cost, order_id) values ( 1128, 1553, 114, '3/12/2022', 78, 14);
insert into purchases (id, customer_id, product_id, date_of_purchase, cost, order_id) values ( 1129, 3163, 159, '3/12/2022', 590, 15);
insert into purchases (id, customer_id, product_id, date_of_purchase, cost, order_id) values ( 1130, 1647, 111, '4/12/2022', 55, 16);
insert into purchases (id, customer_id, product_id, date_of_purchase, cost, order_id) values ( 1131, 2201, 122, '4/12/2022', 2999, 17);
insert into purchases (id, customer_id, product_id, date_of_purchase, cost, order_id) values ( 1132, 2738, 115, '4/12/2022', 49, 18);
insert into purchases (id, customer_id, product_id, date_of_purchase, cost, order_id) values ( 1133, 1748, 136, '4/12/2022', 1299, 19);
insert into purchases (id, customer_id, product_id, date_of_purchase, cost, order_id) values ( 1134, 1748, 111, '4/12/2022', 55, 19);
insert into purchases (id, customer_id, product_id, date_of_purchase, cost, order_id) values ( 1135, 1848, 136, '4/12/2022', 1290, 20);
insert into purchases (id, customer_id, product_id, date_of_purchase, cost, order_id) values ( 1136, 2877, 146, '4/12/2022', 549, 21);
insert into purchases (id, customer_id, product_id, date_of_purchase, cost, order_id) values ( 1137, 2737, 130, '4/12/2022', 3299, 22);
insert into purchases (id, customer_id, product_id, date_of_purchase, cost, order_id) values ( 1138, 2163, 111, '5/12/2022', 55, 23);
insert into purchases (id, customer_id, product_id, date_of_purchase, cost, order_id) values ( 1139, 2149, 138, '5/12/2022', 780, 24);
insert into purchases (id, customer_id, product_id, date_of_purchase, cost, order_id) values ( 1140, 3377, 115, '5/12/2022', 49, 25);
insert into purchases (id, customer_id, product_id, date_of_purchase, cost, order_id) values ( 1141, 3720, 130, '5/12/2022', 3299, 26);
insert into purchases (id, customer_id, product_id, date_of_purchase, cost, order_id) values ( 1142, 1696, 146, '5/12/2022', 549, 27);
insert into purchases (id, customer_id, product_id, date_of_purchase, cost, order_id) values ( 1143, 2681, 127, '5/12/2022', 3400, 28);
insert into purchases (id, customer_id, product_id, date_of_purchase, cost, order_id) values ( 1144, 1654, 113, '5/12/2022', 134, 29);
insert into purchases (id, customer_id, product_id, date_of_purchase, cost, order_id) values ( 1145, 1654, 124, '5/12/2022', 349, 29);
insert into purchases (id, customer_id, product_id, date_of_purchase, cost, order_id) values ( 1146, 2644, 111, '5/12/2022', 55, 30);
insert into purchases (id, customer_id, product_id, date_of_purchase, cost, order_id) values ( 1147, 3335, 132, '5/12/2022', 3999, 31);
insert into purchases (id, customer_id, product_id, date_of_purchase, cost, order_id) values ( 1148, 1913, 114, '5/12/2022', 78, 32);
insert into purchases (id, customer_id, product_id, date_of_purchase, cost, order_id) values ( 1149, 1866, 129, '5/12/2022', 5890, 33);
insert into purchases (id, customer_id, product_id, date_of_purchase, cost, order_id) values ( 1150, 1289, 111, '6/12/2022', 55, 34);
insert into purchases (id, customer_id, product_id, date_of_purchase, cost, order_id) values ( 1151, 3165, 112, '6/12/2022', 98, 35);
insert into purchases (id, customer_id, product_id, date_of_purchase, cost, order_id) values ( 1152, 2037, 131, '6/12/2022', 856, 36);
insert into purchases (id, customer_id, product_id, date_of_purchase, cost, order_id) values ( 1153, 2318, 151, '6/12/2022', 716, 37);
insert into purchases (id, customer_id, product_id, date_of_purchase, cost, order_id) values ( 1154, 2318, 185, '6/12/2022', 1347, 37);
insert into purchases (id, customer_id, product_id, date_of_purchase, cost, order_id) values ( 1155, 2318, 182, '7/12/2022', 515, 37);
insert into purchases (id, customer_id, product_id, date_of_purchase, cost, order_id) values ( 1156, 3329, 180, '7/12/2022', 1999, 38);
insert into purchases (id, customer_id, product_id, date_of_purchase, cost, order_id) values ( 1157, 3322, 150, '7/12/2022', 980, 39);
insert into purchases (id, customer_id, product_id, date_of_purchase, cost, order_id) values ( 1158, 3378, 150, '7/12/2022', 980, 40);
insert into purchases (id, customer_id, product_id, date_of_purchase, cost, order_id) values ( 1159, 1953, 143, '7/12/2022', 2860, 41);
insert into purchases (id, customer_id, product_id, date_of_purchase, cost, order_id) values ( 1160, 2344, 146, '7/12/2022', 549, 42);
insert into purchases (id, customer_id, product_id, date_of_purchase, cost, order_id) values ( 1161, 2475, 117, '8/12/2022', 29, 43);
insert into purchases (id, customer_id, product_id, date_of_purchase, cost, order_id) values ( 1162, 2475, 125, '8/12/2022', 4000, 43);
insert into purchases (id, customer_id, product_id, date_of_purchase, cost, order_id) values ( 1163, 3757, 114, '8/12/2022', 78, 44);
insert into purchases (id, customer_id, product_id, date_of_purchase, cost, order_id) values ( 1164, 1468, 111, '8/12/2022', 55, 45);
insert into purchases (id, customer_id, product_id, date_of_purchase, cost, order_id) values ( 1165, 3073, 123, '8/12/2022', 156, 46);
insert into purchases (id, customer_id, product_id, date_of_purchase, cost, order_id) values ( 1166, 2264, 174, '8/12/2022', 12000, 47);
insert into purchases (id, customer_id, product_id, date_of_purchase, cost, order_id) values ( 1167, 2155, 128, '8/12/2022', 3780, 48);
insert into purchases (id, customer_id, product_id, date_of_purchase, cost, order_id) values ( 1168, 2155, 125, '8/12/2022', 4000, 48);
insert into purchases (id, customer_id, product_id, date_of_purchase, cost, order_id) values ( 1169, 2499, 123, '9/12/2022', 156, 49);
insert into purchases (id, customer_id, product_id, date_of_purchase, cost, order_id) values ( 1170, 2411, 117, '9/12/2022', 29, 50);
insert into purchases (id, customer_id, product_id, date_of_purchase, cost, order_id) values ( 1171, 2823, 113, '9/12/2022', 134, 51);
insert into purchases (id, customer_id, product_id, date_of_purchase, cost, order_id) values ( 1172, 3767, 120, '9/12/2022', 5399, 52);
insert into purchases (id, customer_id, product_id, date_of_purchase, cost, order_id) values ( 1173, 3767, 151, '10/12/2022', 716, 52);
insert into purchases (id, customer_id, product_id, date_of_purchase, cost, order_id) values ( 1174, 3767, 124, '10/12/2022', 349, 52);
insert into purchases (id, customer_id, product_id, date_of_purchase, cost, order_id) values ( 1175, 2001, 188, '10/12/2022', 600, 53);
insert into purchases (id, customer_id, product_id, date_of_purchase, cost, order_id) values ( 1176, 2034, 188, '10/12/2022', 600, 54);
insert into purchases (id, customer_id, product_id, date_of_purchase, cost, order_id) values ( 1177, 2034, 163, '10/12/2022', 3500, 54);
insert into purchases (id, customer_id, product_id, date_of_purchase, cost, order_id) values ( 1178, 2042, 161, '10/12/2022', 500, 55);
insert into purchases (id, customer_id, product_id, date_of_purchase, cost, order_id) values ( 1179, 2091, 185, '11/12/2022', 1347, 56);
insert into purchases (id, customer_id, product_id, date_of_purchase, cost, order_id) values ( 1180, 3401, 143, '11/12/2022', 2860, 57);
insert into purchases (id, customer_id, product_id, date_of_purchase, cost, order_id) values ( 1181, 2222, 173, '11/12/2022', 15000, 58);
insert into purchases (id, customer_id, product_id, date_of_purchase, cost, order_id) values ( 1182, 2121, 113, '11/12/2022', 134, 59);
insert into purchases (id, customer_id, product_id, date_of_purchase, cost, order_id) values ( 1183, 2121, 115, '11/12/2022', 49, 59);
insert into purchases (id, customer_id, product_id, date_of_purchase, cost, order_id) values ( 1184, 2312, 160, '12/12/2022', 1900, 60);
insert into purchases (id, customer_id, product_id, date_of_purchase, cost, order_id) values ( 1185, 2442, 156, '12/12/2022', 129, 61);
insert into purchases (id, customer_id, product_id, date_of_purchase, cost, order_id) values ( 1186, 3223, 156, '12/12/2022', 129, 62);
insert into purchases (id, customer_id, product_id, date_of_purchase, cost, order_id) values ( 1187, 2223, 152, '12/12/2022', 319, 63);
insert into purchases (id, customer_id, product_id, date_of_purchase, cost, order_id) values ( 1188, 3311, 186, '12/12/2022', 3500, 64);
insert into purchases (id, customer_id, product_id, date_of_purchase, cost, order_id) values ( 1189, 2311, 139, '12/12/2022', 890, 65);
insert into purchases (id, customer_id, product_id, date_of_purchase, cost, order_id) values ( 1190, 2311, 111, '12/12/2022', 55, 65);
insert into purchases (id, customer_id, product_id, date_of_purchase, cost, order_id) values ( 1191, 2200, 142, '13/12/2022', 1990, 66);
insert into purchases (id, customer_id, product_id, date_of_purchase, cost, order_id) values ( 1192, 2004, 134, '13/12/2022', 12875, 67);
insert into purchases (id, customer_id, product_id, date_of_purchase, cost, order_id) values ( 1193, 2004, 171, '13/12/2022', 1590, 67);
insert into purchases (id, customer_id, product_id, date_of_purchase, cost, order_id) values ( 1194, 2004, 115, '13/12/2022', 49, 67);

--delivery
insert into delivery (id, order_id, delivery_term, delivery_way, city, street, house, flat) values (1, 1, '7/12/2022', 'courier', 'Penza', 'Lenina', 2, 43 );
insert into delivery (id, order_id, delivery_term, delivery_way, city, street, house, flat) values (2, 2, '7/12/2022', 'pickup', 'Yekaterinburg', 'Alexander Road', 64, 13 );
insert into delivery (id, order_id, delivery_term, delivery_way, city, street, house, flat) values (3, 3, '7/12/2022', 'courier', 'Nizhny Novgorod', 'Vain', 1, 43 );
insert into delivery (id, order_id, delivery_term, delivery_way, city, street, house, flat) values (4, 4, '7/12/2022', 'pickup', 'Barnaul', 'York Road', 75, 183 );
insert into delivery (id, order_id, delivery_term, delivery_way, city, street, house, flat) values (5, 5, '7/12/2022', 'pickup', 'Saratov', 'Main Road', 184, 3 );
insert into delivery (id, order_id, delivery_term, delivery_way, city, street, house, flat) values (6, 6, '7/12/2022', 'courier', 'Penza', 'The Green', 79, 15 );
insert into delivery (id, order_id, delivery_term, delivery_way, city, street, house, flat) values (7, 7, '8/12/2022', 'pickup', 'Nizhny Novgorod', 'George Street', 6, 143 );
insert into delivery (id, order_id, delivery_term, delivery_way, city, street, house, flat) values (8, 8, '8/12/2022', 'courier', 'Kaliningrad', 'Kings Road', 9, 83 );
insert into delivery (id, order_id, delivery_term, delivery_way, city, street, house, flat) values (9, 9, '8/12/2022', 'courier', 'Anapa', 'Alexander Road', 10, 44 );
insert into delivery (id, order_id, delivery_term, delivery_way, city, street, house, flat) values (10, 10, '8/12/2022', 'pickup', 'Barnaul', 'Vain', 43, 52 );
insert into delivery (id, order_id, delivery_term, delivery_way, city, street, house, flat) values (11, 11, '8/12/2022', 'courier', 'Anapa', 'York Road', 160, 273 );
insert into delivery (id, order_id, delivery_term, delivery_way, city, street, house, flat) values (12, 12, '9/12/2022', 'courier', 'Saratov', 'Springfield Road', 45, 143 );
insert into delivery (id, order_id, delivery_term, delivery_way, city, street, house, flat) values (13, 13, '9/12/2022', 'pickup', 'Barnaul', 'Main Road', 92, 70 );
insert into delivery (id, order_id, delivery_term, delivery_way, city, street, house, flat) values (14, 14, '9/12/2022', 'pickup', 'Penza', 'Victoria Street', 4, 567 );
insert into delivery (id, order_id, delivery_term, delivery_way, city, street, house, flat) values (15, 15, '9/12/2022', 'pickup', 'Anapa', 'Queensway', 2, 19 );
insert into delivery (id, order_id, delivery_term, delivery_way, city, street, house, flat) values (16, 16, '10/12/2022', 'courier', 'Krasnodar', 'George Street', 2, 56 );
insert into delivery (id, order_id, delivery_term, delivery_way, city, street, house, flat) values (17, 17, '10/12/2022', 'pickup', 'Anapa', 'Lenina', 64, 903 );
insert into delivery (id, order_id, delivery_term, delivery_way, city, street, house, flat) values (18, 18, '10/12/2022', 'courier', 'Anapa', 'Springfield Road', 198, 63 );
insert into delivery (id, order_id, delivery_term, delivery_way, city, street, house, flat) values (19, 19, '10/12/2022', 'courier', 'Yekaterinburg', 'Alexander Road', 135, 84 );
insert into delivery (id, order_id, delivery_term, delivery_way, city, street, house, flat) values (20, 20, '10/12/2022', 'pickup', 'Kaliningrad', 'The Green', 42, 73 );
insert into delivery (id, order_id, delivery_term, delivery_way, city, street, house, flat) values (21, 21, '10/12/2022', 'courier', 'Nizhny Novgorod', 'Kings Road', 2, 20 );
insert into delivery (id, order_id, delivery_term, delivery_way, city, street, house, flat) values (22, 22, '10/12/2022', 'pickup', 'Moscow', 'Lenina', 26, 378 );
insert into delivery (id, order_id, delivery_term, delivery_way, city, street, house, flat) values (23, 23, '11/12/2022', 'courier', 'Yekaterinburg', 'York Road', 174, 173 );
insert into delivery (id, order_id, delivery_term, delivery_way, city, street, house, flat) values (24, 24, '11/12/2022', 'pickup', 'Vladimir', 'George Street', 12, 3 );
insert into delivery (id, order_id, delivery_term, delivery_way, city, street, house, flat) values (25, 25, '11/12/2022', 'pickup', 'Nizhny Novgorod', 'Queensway', 2, 64 );
insert into delivery (id, order_id, delivery_term, delivery_way, city, street, house, flat) values (26, 26, '11/12/2022', 'courier', 'Krasnodar', 'The Green', 3, 74 );
insert into delivery (id, order_id, delivery_term, delivery_way, city, street, house, flat) values (27, 27, '11/12/2022', 'courier', 'Yekaterinburg', 'Springfield Road', 87, 178 );
insert into delivery (id, order_id, delivery_term, delivery_way, city, street, house, flat) values (28, 28, '11/12/2022', 'pickup', 'Perm', 'George Street', 75, 83 );
insert into delivery (id, order_id, delivery_term, delivery_way, city, street, house, flat) values (29, 29, '11/12/2022', 'courier', 'Vladimir', 'Main Road', 2, 32 );
insert into delivery (id, order_id, delivery_term, delivery_way, city, street, house, flat) values (30, 30, '11/12/2022', 'pickup', 'Barnaul', 'Lenina', 5, 82 );
insert into delivery (id, order_id, delivery_term, delivery_way, city, street, house, flat) values (31, 31, '11/12/2022', 'courier', 'Moscow', 'Kings Road', 172, 674 );
insert into delivery (id, order_id, delivery_term, delivery_way, city, street, house, flat) values (32, 32, '11/12/2022', 'courier', 'Vladimir', 'Alexander Road', 90, 3 );
insert into delivery (id, order_id, delivery_term, delivery_way, city, street, house, flat) values (33, 33, '11/12/2022', 'pickup', 'Barnaul', 'North Street', 132, 18 );
insert into delivery (id, order_id, delivery_term, delivery_way, city, street, house, flat) values (34, 34, '12/12/2022', 'courier', 'Perm', 'Victoria Street', 167, 83 );
insert into delivery (id, order_id, delivery_term, delivery_way, city, street, house, flat) values (35, 35, '12/12/2022', 'pickup', 'Vladimir', 'Main Road', 12, 90 );
insert into delivery (id, order_id, delivery_term, delivery_way, city, street, house, flat) values (36, 36, '12/12/2022', 'courier', 'Moscow', 'The Green', 26, 145 );
insert into delivery (id, order_id, delivery_term, delivery_way, city, street, house, flat) values (37, 37, '12/12/2022', 'pickup', 'Penza', 'Victoria Street', 78, 73 );
insert into delivery (id, order_id, delivery_term, delivery_way, city, street, house, flat) values (38, 38, '13/12/2022', 'courier', 'Saint-Petersburg', 'George Street', 93, 73 );
insert into delivery (id, order_id, delivery_term, delivery_way, city, street, house, flat) values (39, 39, '13/12/2022', 'pickup', 'Saint-Petersburg', 'Lenina', 67, 167 );
insert into delivery (id, order_id, delivery_term, delivery_way, city, street, house, flat) values (40, 40, '13/12/2022', 'pickup', 'Perm', 'York Road', 22, 63 );
insert into delivery (id, order_id, delivery_term, delivery_way, city, street, house, flat) values (41, 41, '13/12/2022', 'courier', 'Anapa', 'Queensway', 23, 184 );
insert into delivery (id, order_id, delivery_term, delivery_way, city, street, house, flat) values (42, 42, '13/12/2022', 'pickup', 'Saratov', 'Alexander Road', 21, 3 );
insert into delivery (id, order_id, delivery_term, delivery_way, city, street, house, flat) values (43, 43, '14/12/2022', 'courier', 'Moscow', 'The Green', 172, 9 );
insert into delivery (id, order_id, delivery_term, delivery_way, city, street, house, flat) values (44, 44, '14/12/2022', 'pickup', 'Saint-Petersburg', 'Main Road', 20, 67 );
insert into delivery (id, order_id, delivery_term, delivery_way, city, street, house, flat) values (45, 45, '14/12/2022', 'pickup', 'Yekaterinburg', 'Alexander Road', 52, 91 );
insert into delivery (id, order_id, delivery_term, delivery_way, city, street, house, flat) values (46, 46, '14/12/2022', 'pickup', 'Saint-Petersburg', 'Lenina', 32, 84 );
insert into delivery (id, order_id, delivery_term, delivery_way, city, street, house, flat) values (47, 47, '14/12/2022', 'courier', 'Vladimir', 'Springfield Road', 126, 64 );
insert into delivery (id, order_id, delivery_term, delivery_way, city, street, house, flat) values (48, 48, '14/12/2022', 'pickup', 'Perm', 'North Street', 29, 156 );
insert into delivery (id, order_id, delivery_term, delivery_way, city, street, house, flat) values (49, 49, '15/12/2022', 'courier', 'Nizhny Novgorod', 'York Road', 2, 167 );
insert into delivery (id, order_id, delivery_term, delivery_way, city, street, house, flat) values (50, 50, '15/12/2022', 'courier', 'Anapa', 'The Green', 45, 90 );
insert into delivery (id, order_id, delivery_term, delivery_way, city, street, house, flat) values (51, 51, '15/12/2022', 'pickup', 'Saratov', 'The Grove', 175, 47 );
insert into delivery (id, order_id, delivery_term, delivery_way, city, street, house, flat) values (52, 52, '15/12/2022', 'courier', 'Vladimir', 'Main Road', 2, 43 );
insert into delivery (id, order_id, delivery_term, delivery_way, city, street, house, flat) values (53, 53, '16/12/2022', 'pickup', 'Krasnodar', 'Lenina', 82, 56 );
insert into delivery (id, order_id, delivery_term, delivery_way, city, street, house, flat) values (54, 54, '16/12/2022', 'courier', 'Saint-Petersburg', 'Kings Road', 8, 180 );
insert into delivery (id, order_id, delivery_term, delivery_way, city, street, house, flat) values (55, 55, '16/12/2022', 'pickup', 'Saratov', 'Springfield Road', 50, 47 );
insert into delivery (id, order_id, delivery_term, delivery_way, city, street, house, flat) values (56, 56, '17/12/2022', 'courier', 'Perm', 'Queensway', 9, 18 );
insert into delivery (id, order_id, delivery_term, delivery_way, city, street, house, flat) values (57, 57, '17/12/2022', 'pickup', 'Moscow', 'Victoria Street', 2, 48 );
insert into delivery (id, order_id, delivery_term, delivery_way, city, street, house, flat) values (58, 58, '17/12/2022', 'courier', 'Penza', 'Main Road', 45, 43 );
insert into delivery (id, order_id, delivery_term, delivery_way, city, street, house, flat) values (59, 59, '17/12/2022', 'courier', 'Nizhny Novgorod', 'Alexander Road', 40, 68 );
insert into delivery (id, order_id, delivery_term, delivery_way, city, street, house, flat) values (60, 60, '18/12/2022', 'pickup', 'Perm', 'Lenina', 192, 183 );
insert into delivery (id, order_id, delivery_term, delivery_way, city, street, house, flat) values (61, 61, '18/12/2022', 'courier', 'Saratov', 'North Street', 86, 84 );
insert into delivery (id, order_id, delivery_term, delivery_way, city, street, house, flat) values (62, 62, '18/12/2022', 'courier', 'Anapa', 'George Street', 182, 194 );
insert into delivery (id, order_id, delivery_term, delivery_way, city, street, house, flat) values (63, 63, '18/12/2022', 'pickup', 'Yekaterinburg', 'The Green', 175, 17 );
insert into delivery (id, order_id, delivery_term, delivery_way, city, street, house, flat) values (64, 64, '18/12/2022', 'courier', 'Penza', 'Victoria Street', 29, 4 );
insert into delivery (id, order_id, delivery_term, delivery_way, city, street, house, flat) values (65, 65, '18/12/2022', 'pickup', 'Moscow', 'Alexander Road', 62, 184 );
insert into delivery (id, order_id, delivery_term, delivery_way, city, street, house, flat) values (66, 66, '19/12/2022', 'courier', 'Vladimir', 'Kings Road', 126, 194 );
insert into delivery (id, order_id, delivery_term, delivery_way, city, street, house, flat) values (67, 67, '19/12/2022', 'pickup', 'Saratov', 'York Road', 22, 164 );